{"cameraMode":{"drawMode":0,"name":"Shaded","section":"Shading Mode"},"sceneLighting":false,"audioPlay":false,"sceneViewState":{"showFog":true,"showMaterialUpdate":false,"showSkybox":false,"showFlares":true,"showImageEffects":true,"showParticleSystems":true},"in2DMode":false,"pivot":{"x":-3.7044010162353517,"y":1.6178900003433228,"z":3.3292295932769777},"rotation":{"x":0.061056867241859439,"y":0.706351637840271,"z":0.061388153582811359,"w":-0.7025482654571533},"size":6.904165267944336,"orthographic":false}